﻿,,Domestic Transactions,,
"Date      ","Transaction Description            ",Debit,Credit,
,,Rahul,,
,,,,
12-03-2018,Amazon Cash Back Jan 18      Hissar,213,,
16-03-2018,"SUBWAY GURGAON                     ",,230,
18-03-2018,"NIMITAYA HOTEL & RESOR GURGAON     ",,3415,
18-03-2018,"BIRYANI PARADISE GURGAON           ",,335,
19-03-2018,"AIRTEL PAYMENT MUMBAI              ",880,,
19-03-2018,"AIRTEL PAYMENT MUMBAI              ",,1297,
,,,,
,,Raj,,
19-03-2018,"AMAZON SELLER SERVICES MUMBAI      ",41499,,
19-03-2018,"ICICI PRUDENTIAL LIFE MUMBAI       ",35935,,
20-03-2018,"CARNIVAL CINEMAS NEEMU GURGAON     ",110,,
23-03-2018,"BIRYANI PARADISE GURGAON           ",219,,
25-03-2018,"SRS CINEMAS GURGAON                ",,155,
25-03-2018,"SRS CINEMAS GURGAON                ",,1440,
25-03-2018,"NIMITAYA HOTEL & RESOR GURGAON     ",3414,,
26-03-2018,"KABI BESPOKE BOUTIQUE GURGAON      ",,270,
27-03-2018,"PAYTM NOIDA                        ",2941,,
27-03-2018,"AMAZON SELLER SERVICES MUMBAI      ",416,,
28-03-2018,"www.vodafone.in MUMBAI             ",500,0,
,,,,
,,International Transaction,,
"Date      "," Transaction Description               ",Debit,Credit,
,,Raj,,
30-12-2017,SRILANKANUPGRADE KATUNAYAKE         EUR,6,,
14-01-2018,HEALTHGUARD LIMITED KATUNAYAKE      USD,,15,
19-01-2018,FOOT RUB BERLIN                  EUR,26,,
20-01-2018,California Games CALIFORNIA         USD,107,,
30-01-2018,NewYorkShop NEWYORK                 USD,210,,
08-02-2018,EURO WINGS DUSSELDOR                EUR,15,,
,,,,
,,,,
,,,,
,,,,
,,,,
,,,,
,,,,
,,,,
,,,,
,,,,
,,,,
,,,,
,,,,
,,,,
,,,,
,,,,
,,,,
,,,,
,,,,
,,,,
,,,,
,,,,
,,,,
,,,,
,,,,
,,,,
,,,,
,,,,
,,,,
,,,,
,,,,
,,,,
,,,,
,,,,
,,,,
